role	topic	filename	bytes	sha256	target
wiki-doc	AgSummitBusiness	OGC_Ag_Summit_Wilson_2016-03-21.pdf	7019495	0efce3ae94f42e1ed12982f15ba95e0e42390ee1bd397a8efaa2c650d0493a4b	AgSummitBusiness/OGC_Ag_Summit_Wilson_2016-03-21.pdf
wiki-doc	AgSummitCrop	170320_FOODIE_CropsDataModels_Charvat.pdf	8906625	fee4364c33ccc08047c06e3686334d95235f2d1d7a979ffb09ed5f6eb3e5fcba	AgSummitCrop/170320_FOODIE_CropsDataModels_Charvat.pdf
wiki-doc	AgSummitField	OGC_-_Telematics.pptx	2528477	98281b55d90c523a8349504e14b81145f4841890bead23f497fb966f0401d73b	AgSummitField/OGC_-_Telematics.pptx
wiki-doc	AgSummitIntro	170321_AgSummit_Intro.pdf	5375039	aef42f6433a3f57ff83c732bd1d0634341d6d4139e8d35942376facad8c059db	AgSummitIntro/170321_AgSummit_Intro.pdf
wiki-doc	AgSummitIntro	AgSummitIntro.mp4	16920279	74d842cd455e1b655916f92679ab7824c843205479436c9e70f97d8d1b592657	AgSummitIntro/AgSummitIntro.mp4
wiki-doc	AgSummitScience	20160922-Kris-Matson-OGC-AG-DWG-v2.pdf	3644672	b485a287c427761275475591a922482b656ec1830be290f3858168bb5999d0a9	AgSummitScience/20160922-Kris-Matson-OGC-AG-DWG-v2.pdf
wiki-doc	AgSummitSoil	Soil_for_Starter_presentation.pptx	5351259	0f0df9a38bd03c2c159afdec4b1ec8f2f201a02360aab26e70b360568c6d4612	AgSummitSoil/Soil_for_Starter_presentation.pptx
wiki-doc	AgSummitWater	20170320_Andres_OGC_Summit.pdf	6526615	999d997bc172db96fe5a895b65e407702ee36f5dad470f6ce98dd02d9a4fbe4e	AgSummitWater/20170320_Andres_OGC_Summit.pdf
wiki-image	WebHome	Field01.jpg	71825	e48e9587474b6d16c2396c0ed8a105418c05c0fada719449ea4d998b292591d0	images/WebHome/Field01.jpg
